river,year_release,abundance,abundance_unit,release_stage
shokanbetsu,1955,80,thousand_fish,fry
nishibetsu,1955,897,thousand_fish,fry
horonai,1955,91,thousand_fish,fry
nishibetsu,1956,595,thousand_fish,fry
nishibetsu,1957,1215,thousand_fish,fry
nishibetsu,1958,295,thousand_fish,fry
horonai,1958,0,thousand_fish,fry
nishibetsu,1959,309,thousand_fish,fry
horonai,1959,31,thousand_fish,fry
nishibetsu,1960,391,thousand_fish,fry
horonai,1960,30,thousand_fish,fry
horonai,1961,32,thousand_fish,fry
nishibetsu,1962,25,thousand_fish,fry
horonai,1962,70,thousand_fish,fry
horonai,1963,78,thousand_fish,fry
nishibetsu,1964,135,thousand_fish,fry
horonai,1964,28,thousand_fish,fry
nishibetsu,1965,2,thousand_fish,fry
nishibetsu,1966,479,thousand_fish,fry
nishibetsu,1967,1664,thousand_fish,fry
horonai,1967,22,thousand_fish,fry
nishibetsu,1968,140,thousand_fish,fry
nikanbetsu,1969,8,thousand_fish,fry
nishibetsu,1969,159,thousand_fish,fry
shiotomari,1970,200,thousand_fish,fry
nikanbetsu,1970,3,thousand_fish,fry
nishibetsu,1970,1064,thousand_fish,fry
furuu,1970,200,thousand_fish,fry
horonai,1970,5,thousand_fish,fry
shiotomari,1971,89,thousand_fish,fry
shokanbetsu,1971,111,thousand_fish,fry
nikanbetsu,1971,7,thousand_fish,fry
nishibetsu,1971,190,thousand_fish,fry
furuu,1971,100,thousand_fish,fry
masuhoro,1971,13,thousand_fish,fry
shiotomari,1972,11,thousand_fish,fry
shokanbetsu,1972,82,thousand_fish,fry
nishibetsu,1972,14,thousand_fish,fry
furuu,1972,208,thousand_fish,fry
nobusha,1973,100,thousand_fish,fry
nishibetsu,1973,717,thousand_fish,fry
furuu,1973,300,thousand_fish,fry
masuhoro,1973,11,thousand_fish,fry
shokanbetsu,1974,250,thousand_fish,fry
shiotomari,1974,0,thousand_fish,fry
nobusha,1974,150,thousand_fish,fry
nishibetsu,1974,2400,thousand_fish,fry
furuu,1974,300,thousand_fish,fry
masuhoro,1974,36,thousand_fish,fry
shokanbetsu,1975,206,thousand_fish,fry
shiotomari,1975,304,thousand_fish,fry
nobusha,1975,127,thousand_fish,fry
nishibetsu,1975,539,thousand_fish,fry
furuu,1975,200,thousand_fish,fry
masuhoro,1975,43,thousand_fish,fry
shokanbetsu,1976,41,thousand_fish,fry
onnebetsu,1976,6,thousand_fish,fry
shiotomari,1976,200,thousand_fish,fry
nikanbetsu,1976,2,thousand_fish,fry
nobusha,1976,154,thousand_fish,fry
nishibetsu,1976,355,thousand_fish,fry
furuu,1976,200,thousand_fish,fry
horonai,1976,23,thousand_fish,fry
masuhoro,1976,6,thousand_fish,fry
shokanbetsu,1977,58,thousand_fish,fry
onnebetsu,1977,105,thousand_fish,fry
shiotomari,1977,212,thousand_fish,fry
nobusha,1977,152,thousand_fish,fry
yamubetsu,1977,175,thousand_fish,fry
nishibetsu,1977,1743,thousand_fish,fry
furuu,1977,100,thousand_fish,fry
horonai,1977,22,thousand_fish,fry
okushibetsu,1977,35,thousand_fish,fry
shokanbetsu,1978,37,thousand_fish,fry
onnebetsu,1978,100,thousand_fish,fry
shiotomari,1978,60,thousand_fish,fry
kokamotsu,1978,1,thousand_fish,fry
nobusha,1978,160,thousand_fish,fry
chihase,1978,100,thousand_fish,fry
toppu,1978,2,thousand_fish,fry
yamubetsu,1978,400,thousand_fish,fry
nishibetsu,1978,490,thousand_fish,fry
furuu,1978,174,thousand_fish,fry
horonai,1978,45,thousand_fish,fry
okushibetsu,1978,47,thousand_fish,fry
onnebetsu,1979,135,thousand_fish,fry
shiotomari,1979,123,thousand_fish,fry
kokamotsu,1979,0,thousand_fish,fry
nobusha,1979,158,thousand_fish,fry
toppu,1979,25,thousand_fish,fry
yamubetsu,1979,200,thousand_fish,fry
nishibetsu,1979,170,thousand_fish,fry
furuu,1979,63,thousand_fish,fry
horonai,1979,6,thousand_fish,fry
okushibetsu,1979,30,thousand_fish,fry
shokanbetsu,1980,132,thousand_fish,fry
onnebetsu,1980,29,thousand_fish,fry
shiotomari,1980,303,thousand_fish,fry
nobusha,1980,158,thousand_fish,fry
toppu,1980,4,thousand_fish,fry
yamubetsu,1980,172,thousand_fish,fry
nishibetsu,1980,157,thousand_fish,fry
furuu,1980,112,thousand_fish,fry
shokanbetsu,1981,97,thousand_fish,fry
ishizaki,1981,301,thousand_fish,fry
usubetsu,1981,77,thousand_fish,fry
utabetsu,1981,124,thousand_fish,fry
onnebetsu,1981,52,thousand_fish,fry
ookamotsu,1981,70,thousand_fish,fry
oyobe,1981,122,thousand_fish,fry
kenichi,1981,220,thousand_fish,fry
kokamotsu,1981,40,thousand_fish,fry
shiotomari,1981,88,thousand_fish,fry
shiotomari,1981,468,thousand_fish,fry
shakotan,1981,275,thousand_fish,fry
nobusha,1981,140,thousand_fish,fry
chihase,1981,125,thousand_fish,fry
toppu,1981,94,thousand_fish,fry
toppu,1981,40,thousand_fish,fry
yamubetsu,1981,151,thousand_fish,fry
tomari,1981,125,thousand_fish,fry
nikanbetsu,1981,150,thousand_fish,fry
nishibetsu,1981,350,thousand_fish,fry
haraki,1981,37,thousand_fish,fry
hidakahorobetsu,1981,250,thousand_fish,fry
hime,1981,30,thousand_fish,fry
furuu,1981,208,thousand_fish,fry
furuu,1981,413,thousand_fish,fry
masuhoro,1981,5,thousand_fish,fry
kenichi,1981,184,thousand_fish,fry
mogusa,1981,40,thousand_fish,fry
yobetsu,1981,275,thousand_fish,fry
shokanbetsu,1982,41,thousand_fish,fry
nobusha,1982,77,thousand_fish,fry
nishibetsu,1982,3,thousand_fish,fry
nishibetsu,1982,0,thousand_fish,fry
furuu,1982,10,thousand_fish,fry
horonai,1982,1,thousand_fish,fry
kenichi,1982,3,thousand_fish,fry
shakotan,1982,320,thousand_fish,fry
yobetsu,1982,320,thousand_fish,fry
furuu,1982,410,thousand_fish,fry
tomari,1982,350,thousand_fish,fry
chihase,1982,0,thousand_fish,fry
usubetsu,1982,31,thousand_fish,fry
toppu,1982,56,thousand_fish,fry
hime,1982,41,thousand_fish,fry
ishizaki,1982,180,thousand_fish,fry
ookamotsu,1982,25,thousand_fish,fry
kokamotsu,1982,14,thousand_fish,fry
mogusa,1982,16,thousand_fish,fry
oyobe,1982,145,thousand_fish,fry
shiotomari,1982,500,thousand_fish,fry
hidakahorobetsu,1982,390,thousand_fish,fry
haraki,1982,10,thousand_fish,fry
nikanbetsu,1982,128,thousand_fish,fry
utabetsu,1982,85,thousand_fish,fry
shokanbetsu,1983,11,thousand_fish,fry
ishizaki,1983,180,thousand_fish,fry
usubetsu,1983,31,thousand_fish,fry
utabetsu,1983,85,thousand_fish,fry
onnebetsu,1983,8,thousand_fish,fry
ookamotsu,1983,25,thousand_fish,fry
oyobe,1983,145,thousand_fish,fry
kokamotsu,1983,14,thousand_fish,fry
shiotomari,1983,200,thousand_fish,fry
shiotomari,1983,500,thousand_fish,fry
shakotan,1983,320,thousand_fish,fry
nobusha,1983,98,thousand_fish,fry
chihase,1983,0,thousand_fish,fry
toppu,1983,1,thousand_fish,fry
toppu,1983,56,thousand_fish,fry
yamubetsu,1983,102,thousand_fish,fry
tomari,1983,350,thousand_fish,fry
nikanbetsu,1983,128,thousand_fish,fry
nishibetsu,1983,25,thousand_fish,fry
haraki,1983,10,thousand_fish,fry
hidakahorobetsu,1983,390,thousand_fish,fry
hime,1983,41,thousand_fish,fry
furuu,1983,410,thousand_fish,fry
horonai,1983,1,thousand_fish,fry
masuhoro,1983,2,thousand_fish,fry
mogusa,1983,16,thousand_fish,fry
yobetsu,1983,320,thousand_fish,fry
shokanbetsu,1984,55,thousand_fish,fry
ishizaki,1984,197,thousand_fish,fry
usubetsu,1984,15,thousand_fish,fry
onnebetsu,1984,5,thousand_fish,fry
ookamotsu,1984,65,thousand_fish,fry
kokamotsu,1984,45,thousand_fish,fry
shakotan,1984,33,thousand_fish,fry
nobusha,1984,90,thousand_fish,fry
yamubetsu,1984,204,thousand_fish,fry
tomari,1984,90,thousand_fish,fry
nishibetsu,1984,836,thousand_fish,fry
hidakahorobetsu,1984,10,thousand_fish,fry
furuu,1984,21,thousand_fish,fry
furuu,1984,19,thousand_fish,fry
horonai,1984,10,thousand_fish,fry
kenichi,1984,4,thousand_fish,fry
mogusa,1984,42,thousand_fish,fry
yobetsu,1984,31,thousand_fish,fry
ishizaki,1985,228,thousand_fish,fry
usubetsu,1985,50,thousand_fish,fry
ookamotsu,1985,54,thousand_fish,fry
oyobe,1985,47,thousand_fish,fry
kokamotsu,1985,39,thousand_fish,fry
shiotomari,1985,14,thousand_fish,fry
shiotomari,1985,252,thousand_fish,fry
shiotomari,1985,40,thousand_fish,fry
shakotan,1985,100,thousand_fish,fry
chihase,1985,150,thousand_fish,fry
onnebetsu,1985,1,thousand_fish,fry
toppu,1985,80,thousand_fish,fry
yamubetsu,1985,108,thousand_fish,fry
tomari,1985,185,thousand_fish,fry
nikanbetsu,1985,73,thousand_fish,fry
nishibetsu,1985,71,thousand_fish,fry
haraki,1985,58,thousand_fish,fry
hime,1985,20,thousand_fish,fry
furuu,1985,9,thousand_fish,fry
furuu,1985,90,thousand_fish,fry
horonai,1985,6,thousand_fish,fry
mogusa,1985,39,thousand_fish,fry
yobetsu,1985,70,thousand_fish,fry
shokanbetsu,1986,342,thousand_fish,fry
ishizaki,1986,550,thousand_fish,fry
usubetsu,1986,80,thousand_fish,fry
utabetsu,1986,59,thousand_fish,fry
ookamotsu,1986,80,thousand_fish,fry
oyobe,1986,80,thousand_fish,fry
kenichi,1986,554,thousand_fish,fry
kokamotsu,1986,30,thousand_fish,fry
kokamotsu,1986,80,thousand_fish,fry
shiotomari,1986,40,thousand_fish,fry
shiotomari,1986,300,thousand_fish,fry
shakotan,1986,84,thousand_fish,fry
nobusha,1986,261,thousand_fish,fry
chihase,1986,253,thousand_fish,fry
futoro,1986,220,thousand_fish,fry
toppu,1986,170,thousand_fish,fry
yamubetsu,1986,50,thousand_fish,fry
tomari,1986,210,thousand_fish,fry
nikanbetsu,1986,103,thousand_fish,fry
nishibetsu,1986,147,thousand_fish,fry
haraki,1986,60,thousand_fish,fry
hime,1986,70,thousand_fish,fry
furuu,1986,152,thousand_fish,fry
mogusa,1986,60,thousand_fish,fry
yobetsu,1986,80,thousand_fish,fry
ishizaki,1987,200,thousand_fish,fry
usubetsu,1987,90,thousand_fish,fry
utabetsu,1987,4,thousand_fish,fry
ookamotsu,1987,80,thousand_fish,fry
oyobe,1987,80,thousand_fish,fry
kenichi,1987,251,thousand_fish,fry
kokamotsu,1987,20,thousand_fish,fry
kokamotsu,1987,80,thousand_fish,fry
shiotomari,1987,170,thousand_fish,fry
shakotan,1987,180,thousand_fish,fry
shokanbetsu,1987,178,thousand_fish,fry
nobusha,1987,180,thousand_fish,fry
chihase,1987,180,thousand_fish,fry
futoro,1987,270,thousand_fish,fry
toppu,1987,200,thousand_fish,fry
tomari,1987,180,thousand_fish,fry
nikanbetsu,1987,58,thousand_fish,fry
nishibetsu,1987,512,thousand_fish,fry
nishibetsu,1987,69,thousand_fish,fry
haraki,1987,80,thousand_fish,fry
hime,1987,100,thousand_fish,fry
furuu,1987,200,thousand_fish,fry
furuu,1987,200,thousand_fish,fry
mogusa,1987,80,thousand_fish,fry
yobetsu,1987,120,thousand_fish,fry
shokanbetsu,1988,33,thousand_fish,fry
ishizaki,1988,220,thousand_fish,fry
usubetsu,1988,80,thousand_fish,fry
utabetsu,1988,32,thousand_fish,fry
utabetsu,1988,20,thousand_fish,fry
ookamotsu,1988,80,thousand_fish,fry
oyobe,1988,80,thousand_fish,fry
kenichi,1988,120,thousand_fish,fry
kokamotsu,1988,20,thousand_fish,fry
kokamotsu,1988,80,thousand_fish,fry
shiotomari,1988,150,thousand_fish,fry
chihase,1988,160,thousand_fish,fry
futoro,1988,180,thousand_fish,fry
toppu,1988,80,thousand_fish,fry
tomari,1988,160,thousand_fish,fry
nikanbetsu,1988,35,thousand_fish,fry
nishibetsu,1988,215,thousand_fish,fry
nobusha,1988,167,thousand_fish,fry
haraki,1988,80,thousand_fish,fry
hime,1988,100,thousand_fish,fry
furuu,1988,38,thousand_fish,fry
furuu,1988,100,thousand_fish,fry
furuu,1988,30,thousand_fish,fry
mogusa,1988,80,thousand_fish,fry
yobetsu,1988,145,thousand_fish,fry
yobetsu,1988,35,thousand_fish,fry
ishizaki,1989,530,thousand_fish,fry
utabetsu,1989,60,thousand_fish,fry
utabetsu,1989,40,thousand_fish,fry
ookamotsu,1989,50,thousand_fish,fry
oyobe,1989,20,thousand_fish,fry
kenichi,1989,50,thousand_fish,fry
furuu,1989,95,thousand_fish,fry
shiotomari,1989,120,thousand_fish,fry
chihase,1989,120,thousand_fish,fry
onnebetsu,1989,3,thousand_fish,fry
tomari,1989,110,thousand_fish,fry
nikanbetsu,1989,60,thousand_fish,fry
nikanbetsu,1989,40,thousand_fish,fry
nishibetsu,1989,247,thousand_fish,fry
nobusha,1989,82,thousand_fish,fry
haraki,1989,20,thousand_fish,fry
hime,1989,50,thousand_fish,fry
furuu,1989,45,thousand_fish,fry
mogusa,1989,30,thousand_fish,fry
utabetsu,1990,50,thousand_fish,fry
ookamotsu,1990,25,thousand_fish,fry
oyobe,1990,25,thousand_fish,fry
kenichi,1990,150,thousand_fish,fry
kokamotsu,1990,25,thousand_fish,fry
chihase,1990,90,thousand_fish,fry
futoro,1990,780,thousand_fish,fry
toppu,1990,50,thousand_fish,fry
tomari,1990,80,thousand_fish,fry
tomari,1990,100,thousand_fish,fry
nikanbetsu,1990,125,thousand_fish,fry
nikanbetsu,1990,14,thousand_fish,fry
nishibetsu,1990,0,thousand_fish,fry
hime,1990,50,thousand_fish,fry
furuu,1990,150,thousand_fish,fry
mogusa,1990,25,thousand_fish,fry
yobetsu,1990,230,thousand_fish,fry
toshibetsu,1990,810,thousand_fish,fry
ishizaki,1991,700,thousand_fish,fry
utabetsu,1991,101,thousand_fish,fry
ookamotsu,1991,50,thousand_fish,fry
oyobe,1991,100,thousand_fish,fry
kenichi,1991,150,thousand_fish,fry
kokamotsu,1991,100,thousand_fish,fry
mogusa,1991,100,thousand_fish,fry
chihase,1991,100,thousand_fish,fry
yamubetsu,1991,40,thousand_fish,fry
tomari,1991,140,thousand_fish,fry
nikanbetsu,1991,129,thousand_fish,fry
nishibetsu,1991,44,thousand_fish,fry
hidakahorobetsu,1991,110,thousand_fish,fry
hidakahorobetsu,1991,90,thousand_fish,fry
hidakahorobetsu,1991,71,thousand_fish,fry
furuu,1991,158,thousand_fish,fry
furuu,1991,90,thousand_fish,fry
yobetsu,1991,100,thousand_fish,fry
utabetsu,1992,44,thousand_fish,fry
utabetsu,1992,57,thousand_fish,fry
utabetsu,1992,45,thousand_fish,fry
kenichi,1992,50,thousand_fish,fry
kenichi,1992,50,thousand_fish,fry
kenichi,1992,50,thousand_fish,fry
chihase,1992,17,thousand_fish,fry
chihase,1992,72,thousand_fish,fry
futoro,1992,520,thousand_fish,fry
toshibetsu,1992,430,thousand_fish,fry
tomari,1992,40,thousand_fish,fry
nikanbetsu,1992,150,thousand_fish,fry
nishibetsu,1992,31,thousand_fish,fry
hidakahorobetsu,1992,145,thousand_fish,fry
furuu,1992,50,thousand_fish,fry
furuu,1992,40,thousand_fish,fry
furuu,1992,17,thousand_fish,fry
yobetsu,1992,70,thousand_fish,fry
ishizaki,1993,150,thousand_fish,fry
utabetsu,1993,55,thousand_fish,fry
ookamotsu,1993,30,thousand_fish,fry
oyobe,1993,30,thousand_fish,fry
kenichi,1993,50,thousand_fish,fry
kenichi,1993,50,thousand_fish,fry
kenichi,1993,50,thousand_fish,fry
kokamotsu,1993,30,thousand_fish,fry
chihase,1993,20,thousand_fish,fry
toshibetsu,1993,110,thousand_fish,fry
tomari,1993,37,thousand_fish,fry
tomari,1993,20,thousand_fish,fry
nikanbetsu,1993,85,thousand_fish,fry
nishibetsu,1993,203,thousand_fish,fry
nobusha,1993,30,thousand_fish,fry
hidakahorobetsu,1993,104,thousand_fish,fry
furuu,1993,6,thousand_fish,fry
mogusa,1993,30,thousand_fish,fry
yobetsu,1993,20,thousand_fish,fry
ishizaki,1994,50,thousand_fish,fry
ishizaki,1994,100,thousand_fish,fry
usubetsu,1994,50,thousand_fish,fry
utabetsu,1994,82,thousand_fish,fry
ookamotsu,1994,50,thousand_fish,fry
oyobe,1994,30,thousand_fish,fry
kenichi,1994,50,thousand_fish,fry
kokamotsu,1994,30,thousand_fish,fry
shokanbetsu,1994,44,thousand_fish,fry
chihase,1994,100,thousand_fish,fry
futoro,1994,150,thousand_fish,fry
toppu,1994,10,thousand_fish,fry
tomari,1994,102,thousand_fish,fry
tomari,1994,100,thousand_fish,fry
nikanbetsu,1994,45,thousand_fish,fry
nishibetsu,1994,91,thousand_fish,fry
nobusha,1994,195,thousand_fish,fry
hidakahorobetsu,1994,178,thousand_fish,fry
hidakahorobetsu,1994,60,thousand_fish,fry
hime,1994,10,thousand_fish,fry
furuu,1994,4,thousand_fish,fry
masuhoro,1994,14,thousand_fish,fry
mogusa,1994,10,thousand_fish,fry
ishizaki,1995,184,thousand_fish,fry
usubetsu,1995,109,thousand_fish,fry
utabetsu,1995,40,thousand_fish,fry
ookamotsu,1995,69,thousand_fish,fry
oyobe,1995,68,thousand_fish,fry
kenichi,1995,108,thousand_fish,fry
kokamotsu,1995,60,thousand_fish,fry
chihase,1995,150,thousand_fish,fry
futoro,1995,155,thousand_fish,fry
toshibetsu,1995,48,thousand_fish,fry
toppu,1995,75,thousand_fish,fry
tomari,1995,70,thousand_fish,fry
nikanbetsu,1995,67,thousand_fish,fry
nishibetsu,1995,607,thousand_fish,fry
nobusha,1995,200,thousand_fish,fry
hidakahorobetsu,1995,106,thousand_fish,fry
hime,1995,110,thousand_fish,fry
furuu,1995,100,thousand_fish,fry
horonai,1995,0,thousand_fish,fry
mogusa,1995,68,thousand_fish,fry
yobetsu,1995,100,thousand_fish,fry
ishizaki,1996,101,thousand_fish,fry
usubetsu,1996,52,thousand_fish,fry
utabetsu,1996,47,thousand_fish,fry
ookamotsu,1996,40,thousand_fish,fry
oyobe,1996,42,thousand_fish,fry
kenichi,1996,53,thousand_fish,fry
kokamotsu,1996,40,thousand_fish,fry
shokanbetsu,1996,33,thousand_fish,fry
chihase,1996,150,thousand_fish,fry
futoro,1996,51,thousand_fish,fry
yamubetsu,1996,100,thousand_fish,fry
tomari,1996,100,thousand_fish,fry
nikanbetsu,1996,40,thousand_fish,fry
nishibetsu,1996,234,thousand_fish,fry
nobusha,1996,80,thousand_fish,fry
nobusha,1996,200,thousand_fish,fry
hidakahorobetsu,1996,106,thousand_fish,fry
hime,1996,51,thousand_fish,fry
furuu,1996,100,thousand_fish,fry
horonai,1996,218,thousand_fish,fry
mogusa,1996,42,thousand_fish,fry
yobetsu,1996,130,thousand_fish,fry
ishizaki,1997,101,thousand_fish,fry
usubetsu,1997,100,thousand_fish,fry
utabetsu,1997,50,thousand_fish,fry
kenichi,1997,52,thousand_fish,fry
shokanbetsu,1997,33,thousand_fish,fry
chihase,1997,100,thousand_fish,fry
futoro,1997,79,thousand_fish,fry
toshibetsu,1997,161,thousand_fish,fry
yamubetsu,1997,200,thousand_fish,fry
tomari,1997,100,thousand_fish,fry
nikanbetsu,1997,63,thousand_fish,fry
nishibetsu,1997,115,thousand_fish,fry
nobusha,1997,400,thousand_fish,fry
hime,1997,51,thousand_fish,fry
furuu,1997,110,thousand_fish,fry
horonai,1997,273,thousand_fish,fry
yobetsu,1997,100,thousand_fish,fry
ishizaki,1998,78,thousand_fish,fry
usubetsu,1998,78,thousand_fish,fry
utabetsu,1998,100,thousand_fish,fry
shiotomari,1998,61,thousand_fish,fry
shokanbetsu,1998,30,thousand_fish,fry
nikanbetsu,1998,100,thousand_fish,fry
chihase,1998,105,thousand_fish,fry
futoro,1998,78,thousand_fish,fry
tomari,1998,100,thousand_fish,fry
yamubetsu,1998,95,thousand_fish,fry
nishibetsu,1998,200,thousand_fish,fry
nobusha,1998,247,thousand_fish,fry
hidakahorobetsu,1998,178,thousand_fish,fry
hime,1998,40,thousand_fish,fry
furuu,1998,105,thousand_fish,fry
kenichi,1998,39,thousand_fish,fry
yobetsu,1998,102,thousand_fish,fry
yobetsu,1998,193,thousand_fish,fry
ishizaki,1999,94,thousand_fish,fry
usubetsu,1999,91,thousand_fish,fry
utabetsu,1999,70,thousand_fish,fry
shiotomari,1999,17,thousand_fish,fry
shiotomari,1999,35,thousand_fish,fry
nikanbetsu,1999,97,thousand_fish,fry
chihase,1999,14,thousand_fish,fry
chihase,1999,111,thousand_fish,fry
futoro,1999,92,thousand_fish,fry
tomari,1999,125,thousand_fish,fry
toppu,1999,51,thousand_fish,fry
yamubetsu,1999,120,thousand_fish,fry
nishibetsu,1999,177,thousand_fish,fry
hidakahorobetsu,1999,112,thousand_fish,fry
furuu,1999,43,thousand_fish,fry
horonai,1999,305,thousand_fish,fry
yobetsu,1999,102,thousand_fish,fry
ishizaki,2000,50,thousand_fish,fry
usubetsu,2000,50,thousand_fish,fry
utabetsu,2000,2,thousand_fish,fry
utabetsu,2000,23,thousand_fish,fry
shiotomari,2000,50,thousand_fish,fry
chihase,2000,135,thousand_fish,fry
futoro,2000,50,thousand_fish,fry
tomari,2000,135,thousand_fish,fry
nikanbetsu,2000,32,thousand_fish,fry
nikanbetsu,2000,18,thousand_fish,fry
nobusha,2000,200,thousand_fish,fry
hidakahorobetsu,2000,35,thousand_fish,fry
furuu,2000,226,thousand_fish,fry
masuhoro,2000,25,thousand_fish,fry
yobetsu,2000,106,thousand_fish,fry
ishizaki,2001,60,thousand_fish,fry
usubetsu,2001,60,thousand_fish,fry
utabetsu,2001,36,thousand_fish,fry
shiotomari,2001,50,thousand_fish,fry
shokanbetsu,2001,50,thousand_fish,fry
chihase,2001,154,thousand_fish,fry
futoro,2001,49,thousand_fish,fry
tomari,2001,147,thousand_fish,fry
nikanbetsu,2001,92,thousand_fish,fry
nobusha,2001,245,thousand_fish,fry
nobusha,2001,480,thousand_fish,fry
nobusha,2001,365,thousand_fish,fry
nobusha,2001,140,thousand_fish,fry
hidakahorobetsu,2001,100,thousand_fish,fry
furuu,2001,172,thousand_fish,fry
furuu,2001,5,thousand_fish,fry
furuu,2001,43,thousand_fish,fry
furuu,2001,5,thousand_fish,fry
masuhoro,2001,50,thousand_fish,fry
yobetsu,2001,100,thousand_fish,fry
ishizaki,2002,69,thousand_fish,fry
usubetsu,2002,55,thousand_fish,fry
utabetsu,2002,63,thousand_fish,fry
shiotomari,2002,50,thousand_fish,fry
nobusha,2002,250,thousand_fish,fry
chihase,2002,169,thousand_fish,fry
futoro,2002,55,thousand_fish,fry
tomari,2002,146,thousand_fish,fry
nikanbetsu,2002,93,thousand_fish,fry
hidakahorobetsu,2002,90,thousand_fish,fry
furuu,2002,138,thousand_fish,fry
furuu,2002,20,thousand_fish,fry
masuhoro,2002,50,thousand_fish,fry
kenichi,2002,11,thousand_fish,fry
yobetsu,2002,100,thousand_fish,fry
ishizaki,2003,210,thousand_fish,fry
usubetsu,2003,90,thousand_fish,fry
utabetsu,2003,66,thousand_fish,fry
furuu,2003,111,thousand_fish,fry
furuu,2003,40,thousand_fish,fry
shiotomari,2003,50,thousand_fish,fry
chihase,2003,121,thousand_fish,fry
futoro,2003,174,thousand_fish,fry
tomari,2003,125,thousand_fish,fry
nikanbetsu,2003,50,thousand_fish,fry
nobusha,2003,502,thousand_fish,fry
hidakahorobetsu,2003,90,thousand_fish,fry
furuu,2003,41,thousand_fish,fry
masuhoro,2003,10,thousand_fish,fry
kenichi,2003,67,thousand_fish,fry
kenichi,2003,11,thousand_fish,fry
yobetsu,2003,67,thousand_fish,fry
shokanbetsu,2004,200,thousand_fish,fry
chihase,2004,100,thousand_fish,fry
toppu,2004,93,thousand_fish,fry
tomari,2004,100,thousand_fish,fry
nikanbetsu,2004,30,thousand_fish,fry
hidakahorobetsu,2004,40,thousand_fish,fry
hidakahorobetsu,2004,30,thousand_fish,fry
hidakahorobetsu,2004,33,thousand_fish,fry
furuu,2004,156,thousand_fish,fry
yobetsu,2004,100,thousand_fish,fry
usubetsu,2004,75,thousand_fish,fry
utabetsu,2004,25,thousand_fish,fry
shiotomari,2004,95,thousand_fish,fry
nobusha,2004,507,thousand_fish,fry
nikanbetsu,2004,30,thousand_fish,fry
ishizaki,2004,134,thousand_fish,fry
masuhoro,2004,10,thousand_fish,fry
futoro,2004,115,thousand_fish,fry
oyobe,2005,100,thousand_fish,fry
shokanbetsu,2005,241,thousand_fish,fry
chihase,2005,41,thousand_fish,fry
toppu,2005,81,thousand_fish,fry
tomari,2005,138,thousand_fish,fry
nobusha,2005,155,thousand_fish,fry
nobusha,2005,146,thousand_fish,fry
furuu,2005,181,thousand_fish,fry
kenichi,2005,45,thousand_fish,fry
yobetsu,2005,101,thousand_fish,fry
usubetsu,2005,72,thousand_fish,fry
shiotomari,2005,120,thousand_fish,fry
ishizaki,2005,126,thousand_fish,fry
masuhoro,2005,27,thousand_fish,fry
futoro,2005,108,thousand_fish,fry
ishizaki,2006,140,thousand_fish,fry
usubetsu,2006,99,thousand_fish,fry
oyobe,2006,34,thousand_fish,fry
chihase,2006,126,thousand_fish,fry
tomari,2006,121,thousand_fish,fry
toppu,2006,111,thousand_fish,fry
futoro,2006,166,thousand_fish,fry
furuu,2006,180,thousand_fish,fry
kenichi,2006,52,thousand_fish,fry
kenichi,2006,53,thousand_fish,fry
yobetsu,2006,100,thousand_fish,fry
shiotomari,2006,76,thousand_fish,fry
ishizaki,2007,140,thousand_fish,fry
usubetsu,2007,80,thousand_fish,fry
oyobe,2007,61,thousand_fish,fry
shiotomari,2007,206,thousand_fish,fry
shokanbetsu,2007,34,thousand_fish,fry
chihase,2007,125,thousand_fish,fry
tomari,2007,121,thousand_fish,fry
toppu,2007,90,thousand_fish,fry
nobusha,2007,51,thousand_fish,fry
futoro,2007,180,thousand_fish,fry
furuu,2007,180,thousand_fish,fry
kenichi,2007,50,thousand_fish,fry
kenichi,2007,50,thousand_fish,fry
yobetsu,2007,100,thousand_fish,fry
ishizaki,2008,74,thousand_fish,fry
ishizaki,2008,66,thousand_fish,fry
usubetsu,2008,80,thousand_fish,fry
oyobe,2008,61,thousand_fish,fry
shiotomari,2008,118,thousand_fish,fry
shokanbetsu,2008,284,thousand_fish,fry
chihase,2008,463,thousand_fish,fry
chihase,2008,125,thousand_fish,fry
tomari,2008,125,thousand_fish,fry
toppu,2008,90,thousand_fish,fry
nobusha,2008,128,thousand_fish,fry
futoro,2008,120,thousand_fish,fry
furuu,2008,180,thousand_fish,fry
kenichi,2008,50,thousand_fish,fry
yobetsu,2008,100,thousand_fish,fry
ishizaki,2009,187,thousand_fish,fry
usubetsu,2009,102,thousand_fish,fry
oyobe,2009,40,thousand_fish,fry
oyobe,2009,20,thousand_fish,fry
shiotomari,2009,91,thousand_fish,fry
shiotomari,2009,10,thousand_fish,fry
shokanbetsu,2009,220,thousand_fish,fry
chihase,2009,125,thousand_fish,fry
tomari,2009,125,thousand_fish,fry
toppu,2009,118,thousand_fish,fry
nobusha,2009,199,thousand_fish,fry
hime,2009,131,thousand_fish,fry
futoro,2009,200,thousand_fish,fry
furuu,2009,149,thousand_fish,fry
furuu,2009,30,thousand_fish,fry
kenichi,2009,90,thousand_fish,fry
yobetsu,2009,100,thousand_fish,fry
ishizaki,2010,50,thousand_fish,fry
usubetsu,2010,30,thousand_fish,fry
oyobe,2010,50,thousand_fish,fry
oyobe,2010,10,thousand_fish,fry
shiotomari,2010,83,thousand_fish,fry
shiotomari,2010,20,thousand_fish,fry
chihase,2010,123,thousand_fish,fry
tomari,2010,125,thousand_fish,fry
toppu,2010,40,thousand_fish,fry
hime,2010,40,thousand_fish,fry
futoro,2010,50,thousand_fish,fry
furuu,2010,180,thousand_fish,fry
kenichi,2010,10,thousand_fish,fry
yobetsu,2010,100,thousand_fish,fry
ishizaki,2011,150,thousand_fish,fry
usubetsu,2011,98,thousand_fish,fry
oyobe,2011,50,thousand_fish,fry
shiotomari,2011,100,thousand_fish,fry
chihase,2011,125,thousand_fish,fry
tomari,2011,125,thousand_fish,fry
toppu,2011,112,thousand_fish,fry
toppu,2011,20,thousand_fish,fry
hime,2011,135,thousand_fish,fry
futoro,2011,141,thousand_fish,fry
furuu,2011,182,thousand_fish,fry
kenichi,2011,50,thousand_fish,fry
yobetsu,2011,100,thousand_fish,fry
ishizaki,2012,120,thousand_fish,fry
usubetsu,2012,80,thousand_fish,fry
oyobe,2012,50,thousand_fish,fry
shiotomari,2012,100,thousand_fish,fry
chihase,2012,125,thousand_fish,fry
tomari,2012,125,thousand_fish,fry
toppu,2012,80,thousand_fish,fry
hime,2012,90,thousand_fish,fry
futoro,2012,125,thousand_fish,fry
furuu,2012,180,thousand_fish,fry
yobetsu,2012,110,thousand_fish,fry
kenichi,2012,100,thousand_fish,fry
toppu,2012,10,thousand_fish,fry
usubetsu,2012,60,thousand_fish,fry
futoro,2013,160,thousand_fish,fry
usubetsu,2013,139,thousand_fish,fry
hime,2013,126,thousand_fish,fry
ishizaki,2013,176,thousand_fish,fry
shiotomari,2013,100,thousand_fish,fry
oyobe,2013,70,thousand_fish,fry
yobetsu,2013,110,thousand_fish,fry
furuu,2013,180,thousand_fish,fry
tomari,2013,125,thousand_fish,fry
chihase,2013,125,thousand_fish,fry
kenichi,2013,50,thousand_fish,fry
toppu,2013,20,thousand_fish,fry
futoro,2014,90,thousand_fish,fry
usubetsu,2014,72,thousand_fish,fry
hime,2014,72,thousand_fish,fry
ishizaki,2014,100,thousand_fish,fry
shiotomari,2014,110,thousand_fish,fry
oyobe,2014,70,thousand_fish,fry
kenichi,2014,20,thousand_fish,fry
toppu,2014,20,thousand_fish,fry
yobetsu,2014,110,thousand_fish,fry
furuu,2014,180,thousand_fish,fry
tomari,2014,88,thousand_fish,fry
chihase,2014,105,thousand_fish,fry
shiotomari,2015,80,thousand_fish,fry
oyobe,2015,40,thousand_fish,fry
yobetsu,2015,110,thousand_fish,fry
furuu,2015,180,thousand_fish,fry
tomari,2015,65,thousand_fish,fry
tomari,2015,43,thousand_fish,fry
chihase,2015,97,thousand_fish,fry
chihase,2015,10,thousand_fish,fry
chihase,2015,17,thousand_fish,fry
tomari,2015,10,thousand_fish,fry
tomari,2015,7,thousand_fish,fry
chihase,2015,16,thousand_fish,fry
chihase,2015,2,thousand_fish,fry
chihase,2015,3,thousand_fish,fry
yobetsu,2017,110,thousand_fish,fry
furuu,2017,180,thousand_fish,fry
tomari,2017,100,thousand_fish,fry
chihase,2017,102,thousand_fish,fry
futoro,2019,60,thousand_fish,fry
toppu,2019,20,thousand_fish,fry
ishizaki,2019,30,thousand_fish,fry
shiotomari,2019,68,thousand_fish,fry
oyobe,2019,38,thousand_fish,fry
yobetsu,2019,110,thousand_fish,fry
furuu,2019,180,thousand_fish,fry
tomari,2019,125,thousand_fish,fry
chihase,2019,200,thousand_fish,fry
yobetsu,2020,110,thousand_fish,fry
tomari,2020,120,thousand_fish,fry
chihase,2020,90,thousand_fish,fry
furuu,2020,180,thousand_fish,fry
yamubetsu,1987,20,thousand_fish,juvenile
yamubetsu,1988,10,thousand_fish,juvenile
yamubetsu,1988,10,thousand_fish,juvenile
yamubetsu,1988,59,thousand_fish,juvenile
yamubetsu,1989,51,thousand_fish,juvenile
toppu,1990,344.4,thousand_fish,juvenile
nishibetsu,1990,47.6,thousand_fish,juvenile
masuhoro,1990,10.1,thousand_fish,juvenile
kenichi,1991,42.8,thousand_fish,juvenile
chihase,1991,49,thousand_fish,juvenile
yamubetsu,1991,6.6,thousand_fish,juvenile
nobusha,1991,29.8,thousand_fish,juvenile
furuu,1991,44,thousand_fish,juvenile
masuhoro,1991,52.7,thousand_fish,juvenile
yobetsu,1991,53,thousand_fish,juvenile
kenichi,1992,18.2,thousand_fish,juvenile
shiotomari,1992,22.7,thousand_fish,juvenile
shiotomari,1992,36.8,thousand_fish,juvenile
chihase,1992,99,thousand_fish,juvenile
toppu,1992,9.7,thousand_fish,juvenile
tomari,1992,50,thousand_fish,juvenile
furuu,1992,70,thousand_fish,juvenile
furuu,1992,5,thousand_fish,juvenile
masuhoro,1992,28.7,thousand_fish,juvenile
masuhoro,1992,17.6,thousand_fish,juvenile
yobetsu,1992,50,thousand_fish,juvenile
kenichi,1993,3,thousand_fish,juvenile
kenichi,1993,26.6,thousand_fish,juvenile
kenichi,1993,12,thousand_fish,juvenile
shiotomari,1993,14,thousand_fish,juvenile
chihase,1993,92,thousand_fish,juvenile
toppu,1993,40,thousand_fish,juvenile
yamubetsu,1993,6,thousand_fish,juvenile
tomari,1993,42,thousand_fish,juvenile
nobusha,1993,33.5,thousand_fish,juvenile
nobusha,1993,3.1,thousand_fish,juvenile
furuu,1993,36,thousand_fish,juvenile
furuu,1993,4,thousand_fish,juvenile
masuhoro,1993,18.4,thousand_fish,juvenile
masuhoro,1993,18.4,thousand_fish,juvenile
masuhoro,1993,4.1,thousand_fish,juvenile
yobetsu,1993,42,thousand_fish,juvenile
kenichi,1994,10,thousand_fish,juvenile
kenichi,1994,10,thousand_fish,juvenile
chihase,1994,50,thousand_fish,juvenile
futoro,1994,5,thousand_fish,juvenile
toppu,1994,40,thousand_fish,juvenile
yamubetsu,1994,16,thousand_fish,juvenile
tomari,1994,40,thousand_fish,juvenile
nobusha,1994,3.1,thousand_fish,juvenile
furuu,1994,40,thousand_fish,juvenile
horonai,1994,120,thousand_fish,juvenile
masuhoro,1994,20,thousand_fish,juvenile
masuhoro,1994,30.2,thousand_fish,juvenile
masuhoro,1994,21.8,thousand_fish,juvenile
yobetsu,1994,50,thousand_fish,juvenile
usubetsu,1995,11.4,thousand_fish,juvenile
kenichi,1995,5,thousand_fish,juvenile
kokamotsu,1995,5,thousand_fish,juvenile
chihase,1995,40,thousand_fish,juvenile
futoro,1995,4.9,thousand_fish,juvenile
yamubetsu,1995,25,thousand_fish,juvenile
nobusha,1995,62,thousand_fish,juvenile
furuu,1995,30,thousand_fish,juvenile
horonai,1995,199,thousand_fish,juvenile
masuhoro,1995,20.3,thousand_fish,juvenile
masuhoro,1995,5.1,thousand_fish,juvenile
masuhoro,1995,7.8,thousand_fish,juvenile
kenichi,1996,6.4,thousand_fish,juvenile
kenichi,1996,10.2,thousand_fish,juvenile
kenichi,1996,9.9,thousand_fish,juvenile
kokamotsu,1996,10,thousand_fish,juvenile
shiotomari,1996,2.6,thousand_fish,juvenile
nobusha,1996,60,thousand_fish,juvenile
futoro,1996,5,thousand_fish,juvenile
yamubetsu,1996,25,thousand_fish,juvenile
horonai,1996,20,thousand_fish,juvenile
masuhoro,1996,36,thousand_fish,juvenile
masuhoro,1996,4.3,thousand_fish,juvenile
masuhoro,1996,9,thousand_fish,juvenile
usubetsu,1997,7.8,thousand_fish,juvenile
kenichi,1997,11.6,thousand_fish,juvenile
kenichi,1997,11.9,thousand_fish,juvenile
kenichi,1997,9.1,thousand_fish,juvenile
kokamotsu,1997,10.4,thousand_fish,juvenile
shiotomari,1997,18.9,thousand_fish,juvenile
nobusha,1997,60,thousand_fish,juvenile
nobusha,1997,341.4,thousand_fish,juvenile
furuu,1997,20,thousand_fish,juvenile
horonai,1997,3,thousand_fish,juvenile
horonai,1997,20,thousand_fish,juvenile
masuhoro,1997,40.8,thousand_fish,juvenile
yamubetsu,1997,25,thousand_fish,juvenile
kokamotsu,1998,9.6,thousand_fish,juvenile
shiotomari,1998,14.5,thousand_fish,juvenile
shiotomari,1998,2,thousand_fish,juvenile
futoro,1998,32.9,thousand_fish,juvenile
toppu,1998,259.6,thousand_fish,juvenile
nobusha,1998,20,thousand_fish,juvenile
nobusha,1998,306.9,thousand_fish,juvenile
masuhoro,1998,8.5,thousand_fish,juvenile
masuhoro,1998,8.5,thousand_fish,juvenile
masuhoro,1998,8.5,thousand_fish,juvenile
masuhoro,1998,8.5,thousand_fish,juvenile
yamubetsu,1998,25,thousand_fish,juvenile
kokamotsu,1999,9.8,thousand_fish,juvenile
toppu,1999,11.2,thousand_fish,juvenile
nobusha,1999,37.8,thousand_fish,juvenile
nobusha,1999,41.8,thousand_fish,juvenile
nobusha,1999,174,thousand_fish,juvenile
nobusha,1999,118.9,thousand_fish,juvenile
kenichi,1999,4,thousand_fish,juvenile
toppu,2000,14.9,thousand_fish,juvenile
nobusha,2000,80,thousand_fish,juvenile
nobusha,2000,184,thousand_fish,juvenile
nobusha,2000,156,thousand_fish,juvenile
furuu,2000,105,thousand_fish,juvenile
kenichi,2000,15.1,thousand_fish,juvenile
kenichi,2000,14.7,thousand_fish,juvenile
kenichi,2000,14.9,thousand_fish,juvenile
kenichi,2000,16.2,thousand_fish,juvenile
usubetsu,2001,11.9,thousand_fish,juvenile
usubetsu,2001,66.6,thousand_fish,juvenile
futoro,2001,50,thousand_fish,juvenile
toppu,2001,20,thousand_fish,juvenile
toppu,2001,10,thousand_fish,juvenile
nobusha,2001,14.8,thousand_fish,juvenile
nobusha,2001,13.6,thousand_fish,juvenile
nobusha,2001,8.3,thousand_fish,juvenile
nobusha,2001,80.1,thousand_fish,juvenile
nobusha,2001,366.2,thousand_fish,juvenile
hime,2001,10,thousand_fish,juvenile
furuu,2001,43.6,thousand_fish,juvenile
furuu,2001,21.3,thousand_fish,juvenile
furuu,2001,14.7,thousand_fish,juvenile
kenichi,2001,10,thousand_fish,juvenile
kenichi,2001,15.4,thousand_fish,juvenile
kenichi,2001,24.9,thousand_fish,juvenile
kenichi,2001,15.4,thousand_fish,juvenile
kenichi,2001,49.5,thousand_fish,juvenile
ishizaki,2002,72,thousand_fish,juvenile
usubetsu,2002,4.2,thousand_fish,juvenile
usubetsu,2002,72,thousand_fish,juvenile
nobusha,2002,13.8,thousand_fish,juvenile
nobusha,2002,14.1,thousand_fish,juvenile
chihase,2002,80,thousand_fish,juvenile
futoro,2002,50,thousand_fish,juvenile
toppu,2002,13.7,thousand_fish,juvenile
furuu,2002,29.9,thousand_fish,juvenile
kenichi,2002,10,thousand_fish,juvenile
kenichi,2002,10.4,thousand_fish,juvenile
kenichi,2002,9,thousand_fish,juvenile
kenichi,2002,10.6,thousand_fish,juvenile
ishizaki,2003,71.4,thousand_fish,juvenile
usubetsu,2003,71.4,thousand_fish,juvenile
kenichi,2003,12.2,thousand_fish,juvenile
kenichi,2003,14.8,thousand_fish,juvenile
kenichi,2003,13.5,thousand_fish,juvenile
shokanbetsu,2003,14,thousand_fish,juvenile
shokanbetsu,2003,12.5,thousand_fish,juvenile
chihase,2003,50,thousand_fish,juvenile
futoro,2003,50,thousand_fish,juvenile
furuu,2003,50,thousand_fish,juvenile
ishizaki,2004,71.4,thousand_fish,juvenile
usubetsu,2004,71.4,thousand_fish,juvenile
shokanbetsu,2004,15.8,thousand_fish,juvenile
shokanbetsu,2004,16.2,thousand_fish,juvenile
chihase,2004,109.1,thousand_fish,juvenile
futoro,2004,50,thousand_fish,juvenile
furuu,2004,27.8,thousand_fish,juvenile
kenichi,2004,20,thousand_fish,juvenile
kenichi,2004,19.6,thousand_fish,juvenile
kenichi,2004,52.7,thousand_fish,juvenile
kenichi,2004,47.8,thousand_fish,juvenile
kenichi,2004,21.1,thousand_fish,juvenile
kenichi,2004,21.6,thousand_fish,juvenile
kenichi,2004,4.4,thousand_fish,juvenile
ishizaki,2005,71.4,thousand_fish,juvenile
usubetsu,2005,71.4,thousand_fish,juvenile
shokanbetsu,2005,10.1,thousand_fish,juvenile
shokanbetsu,2005,11.2,thousand_fish,juvenile
chihase,2005,20.7,thousand_fish,juvenile
chihase,2005,120.7,thousand_fish,juvenile
futoro,2005,50,thousand_fish,juvenile
toppu,2005,143,thousand_fish,juvenile
kenichi,2005,43.6,thousand_fish,juvenile
kenichi,2005,20.3,thousand_fish,juvenile
kenichi,2005,109,thousand_fish,juvenile
yobetsu,2005,21.7,thousand_fish,juvenile
ishizaki,2006,71.4,thousand_fish,juvenile
usubetsu,2006,71.4,thousand_fish,juvenile
kenichi,2006,59.5,thousand_fish,juvenile
kenichi,2006,12.3,thousand_fish,juvenile
kenichi,2006,86.4,thousand_fish,juvenile
kenichi,2006,100,thousand_fish,juvenile
chihase,2006,100,thousand_fish,juvenile
toppu,2006,143,thousand_fish,juvenile
tomari,2006,12,thousand_fish,juvenile
futoro,2006,50,thousand_fish,juvenile
furuu,2006,30.6,thousand_fish,juvenile
yobetsu,2006,20,thousand_fish,juvenile
ishizaki,2007,71.4,thousand_fish,juvenile
usubetsu,2007,71.4,thousand_fish,juvenile
kenichi,2007,87.8,thousand_fish,juvenile
kenichi,2007,21.2,thousand_fish,juvenile
kenichi,2007,49.9,thousand_fish,juvenile
kenichi,2007,69.5,thousand_fish,juvenile
chihase,2007,100,thousand_fish,juvenile
tomari,2007,10,thousand_fish,juvenile
tomari,2007,10,thousand_fish,juvenile
toppu,2007,143,thousand_fish,juvenile
futoro,2007,50,thousand_fish,juvenile
furuu,2007,41.2,thousand_fish,juvenile
furuu,2007,49.4,thousand_fish,juvenile
furuu,2007,19.5,thousand_fish,juvenile
yobetsu,2007,20,thousand_fish,juvenile
ishizaki,2008,71.4,thousand_fish,juvenile
usubetsu,2008,71.4,thousand_fish,juvenile
kenichi,2008,104.9,thousand_fish,juvenile
kenichi,2008,30.7,thousand_fish,juvenile
kenichi,2008,30.9,thousand_fish,juvenile
kenichi,2008,30.6,thousand_fish,juvenile
kenichi,2008,7,thousand_fish,juvenile
chihase,2008,60,thousand_fish,juvenile
chihase,2008,5.9,thousand_fish,juvenile
chihase,2008,10,thousand_fish,juvenile
chihase,2008,5,thousand_fish,juvenile
chihase,2008,4.9,thousand_fish,juvenile
chihase,2008,67.9,thousand_fish,juvenile
tomari,2008,100,thousand_fish,juvenile
toppu,2008,81.6,thousand_fish,juvenile
futoro,2008,50,thousand_fish,juvenile
furuu,2008,40.1,thousand_fish,juvenile
furuu,2008,32.8,thousand_fish,juvenile
furuu,2008,29.7,thousand_fish,juvenile
yobetsu,2008,20,thousand_fish,juvenile
ishizaki,2009,71.4,thousand_fish,juvenile
usubetsu,2009,71.4,thousand_fish,juvenile
kenichi,2009,140.7,thousand_fish,juvenile
kenichi,2009,77.7,thousand_fish,juvenile
chihase,2009,60,thousand_fish,juvenile
chihase,2009,50,thousand_fish,juvenile
tomari,2009,100,thousand_fish,juvenile
toppu,2009,71.6,thousand_fish,juvenile
futoro,2009,50,thousand_fish,juvenile
furuu,2009,10,thousand_fish,juvenile
furuu,2009,60.5,thousand_fish,juvenile
yobetsu,2009,10,thousand_fish,juvenile
ishizaki,2010,50,thousand_fish,juvenile
usubetsu,2010,71.4,thousand_fish,juvenile
kenichi,2010,131.7,thousand_fish,juvenile
kenichi,2010,228.2,thousand_fish,juvenile
chihase,2010,60,thousand_fish,juvenile
chihase,2010,50,thousand_fish,juvenile
tomari,2010,100,thousand_fish,juvenile
toppu,2010,71.6,thousand_fish,juvenile
futoro,2010,50,thousand_fish,juvenile
furuu,2010,63.1,thousand_fish,juvenile
yobetsu,2010,10,thousand_fish,juvenile
ishizaki,2011,71.4,thousand_fish,juvenile
usubetsu,2011,71.4,thousand_fish,juvenile
kenichi,2011,122.7,thousand_fish,juvenile
kenichi,2011,31.9,thousand_fish,juvenile
kenichi,2011,33.2,thousand_fish,juvenile
kenichi,2011,32.9,thousand_fish,juvenile
sukki,2011,35,thousand_fish,juvenile
chihase,2011,60,thousand_fish,juvenile
chihase,2011,46,thousand_fish,juvenile
tomari,2011,100,thousand_fish,juvenile
toppu,2011,71.6,thousand_fish,juvenile
futoro,2011,40,thousand_fish,juvenile
furuu,2011,10.1,thousand_fish,juvenile
furuu,2011,55.5,thousand_fish,juvenile
yobetsu,2011,10,thousand_fish,juvenile
ishizaki,2012,45,thousand_fish,juvenile
usubetsu,2012,45,thousand_fish,juvenile
kenichi,2012,283.3,thousand_fish,juvenile
kenichi,2012,30.5,thousand_fish,juvenile
kenichi,2012,30.8,thousand_fish,juvenile
kenichi,2012,31,thousand_fish,juvenile
sukki,2012,20,thousand_fish,juvenile
chihase,2012,150,thousand_fish,juvenile
toppu,2012,210,thousand_fish,juvenile
futoro,2012,27,thousand_fish,juvenile
kenichi,2013,388.4,thousand_fish,juvenile
shiotomari,2013,8.4,thousand_fish,juvenile
oyobe,2013,8.4,thousand_fish,juvenile
furuu,2012,0.1,thousand_fish,juvenile
tomari,2012,0.1,thousand_fish,juvenile
chihase,2013,0.2,thousand_fish,juvenile
ishizaki,2013,45,thousand_fish,juvenile
toppu,2013,210,thousand_fish,juvenile
usubetsu,2013,45,thousand_fish,juvenile
futoro,2013,22,thousand_fish,juvenile
sukki,2013,27,thousand_fish,juvenile
kenichi,2014,104.4,thousand_fish,juvenile
kenichi,2014,124.3,thousand_fish,juvenile
furuu,2013,89.8,thousand_fish,juvenile
tomari,2013,100,thousand_fish,juvenile
chihase,2014,150,thousand_fish,juvenile
ishizaki,2014,10,thousand_fish,juvenile
toppu,2014,205,thousand_fish,juvenile
usubetsu,2014,10,thousand_fish,juvenile
futoro,2014,5,thousand_fish,juvenile
sukki,2014,5,thousand_fish,juvenile
furuu,2014,69,thousand_fish,juvenile
furuu,2014,21,thousand_fish,juvenile
tomari,2014,40,thousand_fish,juvenile
chihase,2015,189,thousand_fish,juvenile
furuu,2015,20,thousand_fish,juvenile
furuu,2015,70,thousand_fish,juvenile
tomari,2015,100,thousand_fish,juvenile
chihase,2016,150,thousand_fish,juvenile
kenichi,2017,204.4,thousand_fish,juvenile
chihase,2017,150,thousand_fish,juvenile
furuu,2017,90,thousand_fish,juvenile
tomari,2017,40,thousand_fish,juvenile
chihase,2018,150,thousand_fish,juvenile
furuu,2018,50,thousand_fish,juvenile
kenichi,2019,22,thousand_fish,juvenile
chihase,2019,150,thousand_fish,juvenile
furuu,2019,89,thousand_fish,juvenile
tomari,2019,80,thousand_fish,juvenile
furuu,2019,30,thousand_fish,juvenile
kenichi,2020,188,thousand_fish,juvenile
chihase,2020,150,thousand_fish,juvenile
furuu,2020,127,thousand_fish,juvenile
